Nome:;Idade:;Cep;Formação;Status;Sexo
Luis;25;Alagoas;Nenhuma;Solteira;Masc
Luis;25;Alagoas;Nenhuma;Solteira;Masc
Luis;25;Alagoas;Nenhuma;Solteira;Masc
Luis;25;Alagoas;Nenhuma;Solteira;Masc
Luis;25;Alagoas;Nenhuma;Solteira;Masc
Luis;25;Alagoas;Nenhuma;Solteira;Masc
Luis;25;Alagoas;Nenhuma;Solteira;Masc
Luis;25;Alagoas;Nenhuma;Solteira;Masc
Luis;25;Alagoas;Nenhuma;Solteira;Masc
Luis;25;Alagoas;Nenhuma;Solteira;Masc
Luis;25;Alagoas;Nenhuma;Solteira;Masc
Luis;25;Alagoas;Nenhuma;Solteira;Masc
Luis;25;Alagoas;Nenhuma;Solteira;Masc
Luis;25;Alagoas;Nenhuma;Solteira;Masc
Luis;25;Alagoas;Nenhuma;Solteira;Masc
Luis;25;Alagoas;Nenhuma;Solteira;Masc
Luis;25;Alagoas;Nenhuma;Solteira;Masc
